{
	"pages": [ //pages数组中第一项表示应用启动页，参考：https://uniapp.dcloud.io/collocation/pages
		{
			"path": "pages/index/index",
			"style": {
				"navigationBarTitleText": "服装销售系统"
			}
		}
	    ,{
            "path" : "pages/index/register",
            "style" :                                                                                    
            {
                "navigationBarTitleText": "",
                "enablePullDownRefresh": false
            }
            
        },
		{
            "path" : "pages/clothes/clothes",
            "style" :                                                                                    
            {
                "navigationBarTitleText": "",
                "enablePullDownRefresh": false
            }
            
        }
        ,{
            "path" : "pages/table/table",
            "style" :                                                                                    
            {
                "navigationBarTitleText": "",
                "enablePullDownRefresh": false
            }
            
        }
        ,{
            "path" : "pages/orderthing/orderthing",
            "style" :                                                                                    
            {
                "navigationBarTitleText": "",
                "enablePullDownRefresh": false
            }
            
        },
		{
		    "path" : "pages/table/table2",
		    "style" :                                                                                    
		    {
		        "navigationBarTitleText": "",
		        "enablePullDownRefresh": false
		    }
		    
		},
		{
		    "path" : "pages/table/table3",
		    "style" :                                                                                    
		    {
		        "navigationBarTitleText": "",
		        "enablePullDownRefresh": false
		    }
		    
		}
        
        ,{
            "path" : "pages/user/user",
            "style" :                                                                                    
            {
                "navigationBarTitleText": "",
                "enablePullDownRefresh": false
            }
            
        },
		{
			"path":"pages/tabbar/home/home",
			"style":
			{
				"navigationBarTitleText": "",
				"enablePullDownRefresh": false
			}
		},
		{
			"path":"pages/tabbar/cart/cart",
			"style":
			{
				"navigationBarTitleText": "",
				"enablePullDownRefresh": false
			}
		},
		{
			"path":"pages/tabbar/mine/mine",
			"style":
			{
				"navigationBarTitleText": "",
				"enablePullDownRefresh": false
			}
		}
		,{
		            "path" : "pages/purchase/search",
		            "style" :                                                                                    
		            {
		                "navigationBarTitleText": "",
		                "enablePullDownRefresh": false
		            }
		            
		        }
		        ,{
		            "path" : "pages/purchase/clothes-list",
		            "style" :                                                                                    
		            {
		                "navigationBarTitleText": "",
		                "enablePullDownRefresh": false
		            }
		            
		        }
		        ,{
		            "path" : "pages/purchase/clothes-detail",
		            "style" :                                                                                    
		            {
		                "navigationBarTitleText": "",
		                "enablePullDownRefresh": false
		            }
		             
		        }
		
		        ,{
		            "path" : "pages/purchase/order-pay",
		            "style" :                                                                                    
		            {
		                "navigationBarTitleText": "",
		                "enablePullDownRefresh": false
		            }
		            
		        }
		        
		        ,{
		            "path" : "pages/purchase/cart-pay",
		            "style" :                                                                                    
		            {
		                "navigationBarTitleText": "",
		                "enablePullDownRefresh": false
		            }
		            
		        }
    ],
	"globalStyle": {
		"navigationBarTextStyle": "black",
		"navigationBarTitleText": "uni-app",
		"navigationBarBackgroundColor": "#F8F8F8",
		"backgroundColor": "#F8F8F8"
	},
	
	"tabBar": {
		"borderStyle": "black",
		"backgroundColor": "#333",
		"color": "#8F8F94",
		"selectedColor": "#f33e54",
		"list": [{
				"pagePath": "pages/tabbar/home/home",
				"iconPath": "static/img/tabbar/home.png",
				"selectedIconPath": "static/img/tabbar/homeactive.png",
				"text": "首页"
			},
			{
				"pagePath": "pages/tabbar/cart/cart",
				"iconPath": "static/img/tabbar/cart.png",
				"selectedIconPath": "static/img/tabbar/cartactive.png",
				"text": "购物车"
			},
			{
				"pagePath": "pages/tabbar/mine/mine",
				"iconPath": "static/img/tabbar/me.png",
				"selectedIconPath": "static/img/tabbar/meactive.png",
				"text": "我"
			}
		]
	},
	"easycom": {
			"autoscan": true,
			"custom": {
		        // // 1.1.0 版本前:
		        // "cl-(.*)": "cl-uni/components/$1/$1.vue"
		
		        // 1.1.0 版本后:
		        "cl-(.*)": "cl-uni/components/cl-$1/cl-$1.vue"
			}
		}
}
